{
    "animation": [
        {
            "name": "Root",
            "time": [0.0, 16.6667],
            "transform": [
                [1.0, 0.0, 0.0, 0.0, 0.0, 0.0, -1.0, 0.0, 0.0, 1.0, 0.0, 0.37, 0.0, 0.0, 0.0, 1.0],
                [1.0, 0.0, 0.0, 0.0, 0.0, 0.0, -1.0, 0.0, 0.0, 1.0, 0.0, 0.37, 0.0, 0.0, 0.0, 1.0]
            ]
        },
        {
            "name": "Torso",
            "time": [0.0, 16.6667],
            "transform": [
                [1.0, 0.0, 0.0, 0.0, 0.0, 1.0, 0.0, 0.39, 0.0, 0.0, 1.0, 0.0, 0.0, 0.0, 0.0, 1.0],
                [1.0, 0.0, 0.0, 0.0, 0.0, 1.0, 0.0, 0.39, 0.0, 0.0, 1.0, 0.0, 0.0, 0.0, 0.0, 1.0]
            ]
        },
        {
            "name": "Head",
            "time": [0.0, 16.6667],
            "transform": [
                [1.0, 0.0, 0.0, 0.0, 0.0, 1.0, 0.0, 0.36, 0.0, 0.0, 1.0, 0.0, 0.0, 0.0, 0.0, 1.0],
                [1.0, 0.0, 0.0, 0.0, 0.0, 1.0, 0.0, 0.36, 0.0, 0.0, 1.0, 0.0, 0.0, 0.0, 0.0, 1.0]
            ]
        },
        {
            "name": "Leg_RF",
            "time": [0.0, 16.6667],
            "transform": [
                [1.0, 0.0, 0.0, 0.124487, 0.0, -1.0, 1e-06, 0.0, 0.0, -1e-06, -1.0, -0.25, 0.0, 0.0, 0.0, 1.0],
                [1.0, 0.0, 0.0, 0.124487, 0.0, -1.0, 1e-06, 0.0, 0.0, -1e-06, -1.0, -0.25, 0.0, 0.0, 0.0, 1.0]
            ]
        },
        {
            "name": "Leg_LF",
            "time": [0.0, 16.6667],
            "transform": [
                [1.0, 0.0, 0.0, -0.125513, 0.0, -1.0, 1e-06, 0.0, 0.0, -1e-06, -1.0, -0.25, 0.0, 0.0, 0.0, 1.0],
                [1.0, 0.0, 0.0, -0.125513, 0.0, -1.0, 1e-06, 0.0, 0.0, -1e-06, -1.0, -0.25, 0.0, 0.0, 0.0, 1.0]
            ]
        },
        {
            "name": "Leg_RB",
            "time": [0.0, 16.6667],
            "transform": [
                [1.0, 0.0, -0.0, 0.124487, 0.0, -0.859428, 0.511257, 0.0, 0.0, -0.511257, -0.859428, 0.246732, 0.0, 0.0, 0.0, 1.0],
                [1.0, 0.0, -0.0, 0.124487, 0.0, -0.859428, 0.511257, 0.0, 0.0, -0.511257, -0.859428, 0.246732, 0.0, 0.0, 0.0, 1.0]
            ]
        },
        {
            "name": "Leg_LB",
            "time": [0.0, 16.6667],
            "transform": [
                [1.0, 0.0, 0.0, -0.125513, 0.0, -1.0, 1e-06, 0.0, 0.0, -1e-06, -1.0, 0.25, 0.0, 0.0, 0.0, 1.0],
                [1.0, 0.0, 0.0, -0.125513, 0.0, -1.0, 1e-06, 0.0, 0.0, -1e-06, -1.0, 0.25, 0.0, 0.0, 0.0, 1.0]
            ]
        }
    ]
}