{
    "animation": [
        {
            "name": "Root",
            "time": [0.0, 1.0833, 2.6667],
            "transform": [
                [1.0, 0.0, 0.0, 0.002315, 0.0, 0.0, -1.0, 0.004492, 0.0, 1.0, 0.0, 2.259456, 0.0, 0.0, 0.0, 1.0],
                [1.0, 0.0, 0.0, 0.002315, 0.0, 0.0, -1.0, 0.004492, 0.0, 1.0, 0.0, 2.352393, 0.0, 0.0, 0.0, 1.0],
                [1.0, 0.0, 0.0, 0.002315, 0.0, 0.0, -1.0, 0.004492, 0.0, 1.0, 0.0, 2.259456, 0.0, 0.0, 0.0, 1.0]
            ]
        },
        {
            "name": "Head_M",
            "time": [0.0, 2.6667],
            "transform": [
                [1.0, 0.0, -0.0, -0.05082, 0.0, 1.0, 0.0, 0.318623, 0.0, 0.0, 1.0, -0.0, 0.0, 0.0, 0.0, 1.0],
                [1.0, 0.0, -0.0, -0.05082, 0.0, 1.0, 0.0, 0.318623, 0.0, 0.0, 1.0, -0.0, 0.0, 0.0, 0.0, 1.0]
            ]
        },
        {
            "name": "Head_R",
            "time": [0.0, 2.6667],
            "transform": [
                [1.0, 0.0, -0.0, 1.096968, 0.0, 1.0, 0.0, 0.100823, 0.0, 0.0, 1.0, 0.0, 0.0, 0.0, 0.0, 1.0],
                [1.0, 0.0, -0.0, 1.096968, 0.0, 1.0, 0.0, 0.100823, 0.0, 0.0, 1.0, 0.0, 0.0, 0.0, 0.0, 1.0]
            ]
        },
        {
            "name": "Head_L",
            "time": [0.0, 2.6667],
            "transform": [
                [1.0, 0.0, -0.0, -1.19818, 0.0, 1.0, 0.0, 0.100823, 0.0, 0.0, 1.0, -0.0, 0.0, 0.0, 0.0, 1.0],
                [1.0, 0.0, -0.0, -1.19818, 0.0, 1.0, 0.0, 0.100823, 0.0, 0.0, 1.0, -0.0, 0.0, 0.0, 0.0, 1.0]
            ]
        },
        {
            "name": "Torso",
            "time": [0.0, 1.0833, 2.6667],
            "transform": [
                [1.0, -0.0, 0.0, -0.0, 0.0, -0.967166, -0.254145, 0.0, 0.0, 0.254145, -0.967166, 0.0, 0.0, 0.0, 0.0, 1.0],
                [1.0, -0.0, 0.0, -0.0, 0.0, -0.910787, -0.412877, 0.0, 0.0, 0.412877, -0.910787, 0.0, 0.0, 0.0, 0.0, 1.0],
                [1.0, -0.0, 0.0, -0.0, 0.0, -0.967166, -0.254145, 0.0, 0.0, 0.254145, -0.967166, 0.0, 0.0, 0.0, 0.0, 1.0]
            ]
        },
        {
            "name": "Tail",
            "time": [0.0, 1.0833, 2.6667],
            "transform": [
                [1.0, 0.0, 1e-06, 0.0, -1e-06, 0.707066, 0.707148, 1.259969, -1e-06, -0.707148, 0.707066, -0.009378, 0.0, 0.0, 0.0, 1.0],
                [1.0, 0.0, 1e-06, 0.0, -1e-06, 0.658016, 0.753004, 1.259969, -1e-06, -0.753004, 0.658016, -0.009378, 0.0, 0.0, 0.0, 1.0],
                [1.0, 0.0, 1e-06, 0.0, -1e-06, 0.707066, 0.707148, 1.259969, -1e-06, -0.707148, 0.707066, -0.009378, 0.0, 0.0, 0.0, 1.0]
            ]
        }
    ]
}