{
    "animation": [
        {
            "name": "Root",
            "time": [0.0, 0.0667],
            "transform": [
                [0.854689, 0.0, -0.51914, -5e-06, -0.51914, 0.0, -0.854689, 0.000946, 0.0, 1.0, 0.0, 0.758314, 0.0, 0.0, 0.0, 1.0],
                [0.854689, 0.0, -0.51914, -5e-06, -0.51914, 0.0, -0.854689, 0.000946, 0.0, 1.0, 0.0, 0.758314, 0.0, 0.0, 0.0, 1.0]
            ]
        },
        {
            "name": "Thigh_R",
            "time": [0.0, 0.0667],
            "transform": [
                [0.905155, 0.122199, 0.407137, 0.124994, 0.059717, -0.984843, 0.162831, -0.002831, 0.420865, -0.123074, -0.898736, -1.2e-05, 0.0, 0.0, 0.0, 1.0],
                [0.905155, 0.122199, 0.407137, 0.124994, 0.059717, -0.984843, 0.162831, -0.002831, 0.420865, -0.123074, -0.898736, -1.2e-05, 0.0, 0.0, 0.0, 1.0]
            ]
        },
        {
            "name": "Leg_R",
            "time": [0.0, 0.0667],
            "transform": [
                [1.0, -0.0, 1e-06, -0.0, -0.0, 0.971417, 0.237383, 0.37472, -1e-06, -0.237383, 0.971415, 0.0, 0.0, 0.0, 0.0, 1.0],
                [1.0, -0.0, 1e-06, -0.0, -0.0, 0.971417, 0.237383, 0.37472, -1e-06, -0.237383, 0.971415, 0.0, 0.0, 0.0, 0.0, 1.0]
            ]
        },
        {
            "name": "Knee_R",
            "time": [0.0, 0.0667],
            "transform": [
                [1.0, -0.0, -0.0, -0.0, -0.0, 1e-06, -1.0, 0.37472, -0.0, 1.0, 1e-06, 0.0, 0.0, 0.0, 0.0, 1.0],
                [1.0, -0.0, -0.0, -0.0, -0.0, 1e-06, -1.0, 0.37472, -0.0, 1.0, 1e-06, 0.0, 0.0, 0.0, 0.0, 1.0]
            ]
        },
        {
            "name": "Thigh_L",
            "time": [0.0, 0.0667],
            "transform": [
                [0.867877, -0.119293, -0.482244, -0.125006, -0.027313, -0.98073, 0.193449, -0.002831, -0.496028, -0.154718, -0.854411, -1.2e-05, 0.0, 0.0, 0.0, 1.0],
                [0.867877, -0.119293, -0.482244, -0.125006, -0.027313, -0.98073, 0.193449, -0.002831, -0.496028, -0.154718, -0.854411, -1.2e-05, 0.0, 0.0, 0.0, 1.0]
            ]
        },
        {
            "name": "Leg_L",
            "time": [0.0, 0.0667],
            "transform": [
                [1.0, -0.0, 2e-06, 0.0, 0.0, 0.984581, 0.174928, 0.37472, -2e-06, -0.174928, 0.984582, -0.0, 0.0, 0.0, 0.0, 1.0],
                [1.0, -0.0, 2e-06, 0.0, 0.0, 0.984581, 0.174928, 0.37472, -2e-06, -0.174928, 0.984582, -0.0, 0.0, 0.0, 0.0, 1.0]
            ]
        },
        {
            "name": "Knee_L",
            "time": [0.0, 0.0667],
            "transform": [
                [1.0, 0.0, -0.0, 0.0, -0.0, 1e-06, -1.0, 0.37472, -0.0, 1.0, 1e-06, -0.0, 0.0, 0.0, 0.0, 1.0],
                [1.0, 0.0, -0.0, 0.0, -0.0, 1e-06, -1.0, 0.37472, -0.0, 1.0, 1e-06, -0.0, 0.0, 0.0, 0.0, 1.0]
            ]
        },
        {
            "name": "Torso",
            "time": [0.0, 0.0667],
            "transform": [
                [0.976786, -0.21133, -0.035058, -0.0, 0.210811, 0.919218, 0.33256, 0.05, -0.038054, -0.332231, 0.94243, 0.0, 0.0, 0.0, 0.0, 1.0],
                [0.976786, -0.21133, -0.035058, -0.0, 0.210811, 0.919218, 0.33256, 0.05, -0.038054, -0.332231, 0.94243, 0.0, 0.0, 0.0, 0.0, 1.0]
            ]
        },
        {
            "name": "Chest",
            "time": [0.0, 0.0667],
            "transform": [
                [0.901186, -0.288808, -0.323192, -0.0, 0.368639, 0.902903, 0.221066, 0.3, 0.227966, -0.318363, 0.92015, 0.0, 0.0, 0.0, 0.0, 1.0],
                [0.901186, -0.288808, -0.323192, -0.0, 0.368639, 0.902903, 0.221066, 0.3, 0.227966, -0.318363, 0.92015, 0.0, 0.0, 0.0, 0.0, 1.0]
            ]
        },
        {
            "name": "Head",
            "time": [0.0, 0.0667],
            "transform": [
                [0.645088, 0.610518, 0.459488, -0.0, -0.096794, 0.661786, -0.743418, 0.4, -0.757953, 0.435095, 0.486004, 0.0, 0.0, 0.0, 0.0, 1.0],
                [0.645088, 0.610518, 0.459488, -0.0, -0.096794, 0.661786, -0.743418, 0.4, -0.757953, 0.435095, 0.486004, 0.0, 0.0, 0.0, 0.0, 1.0]
            ]
        },
        {
            "name": "Shoulder_R",
            "time": [0.0, 0.0667],
            "transform": [
                [0.517132, 0.854833, -0.042834, -0.0, 0.441704, -0.223674, 0.868831, 0.4, 0.733125, -0.46822, -0.493252, 0.0, 0.0, 0.0, 0.0, 1.0],
                [0.517132, 0.854833, -0.042834, -0.0, 0.441704, -0.223674, 0.868831, 0.4, 0.733125, -0.46822, -0.493252, 0.0, 0.0, 0.0, 0.0, 1.0]
            ]
        },
        {
            "name": "Arm_R",
            "time": [0.0, 0.0667],
            "transform": [
                [0.416992, 0.130473, -0.899497, 0.0, -0.65111, 0.733382, -0.195466, 0.39386, 0.634172, 0.667179, 0.390766, 0.0, 0.0, 0.0, 0.0, 1.0],
                [0.416992, 0.130473, -0.899497, 0.0, -0.65111, 0.733382, -0.195466, 0.39386, 0.634172, 0.667179, 0.390766, 0.0, 0.0, 0.0, 0.0, 1.0]
            ]
        },
        {
            "name": "Hand_R",
            "time": [0.0, 0.0667],
            "transform": [
                [0.999775, -0.021048, 0.002584, -0.0, -0.0057, -0.384088, -0.923279, 0.3, 0.020426, 0.923057, -0.384121, -0.0, 0.0, 0.0, 0.0, 1.0],
                [0.999775, -0.021048, 0.002584, -0.0, -0.0057, -0.384088, -0.923279, 0.3, 0.020426, 0.923057, -0.384121, -0.0, 0.0, 0.0, 0.0, 1.0]
            ]
        },
        {
            "name": "Tool_R",
            "time": [0.0, 0.0667],
            "transform": [
                [1.0, 0.0, 0.0, -0.0, 0.0, -0.999836, 0.018122, 0.272858, 0.0, -0.018122, -0.999244, -0.0, 0.0, 0.0, 0.0, 1.0],
                [1.0, 0.0, 0.0, -0.0, 0.0, -0.999836, 0.018122, 0.272858, 0.0, -0.018122, -0.999244, -0.0, 0.0, 0.0, 0.0, 1.0]
            ]
        },
        {
            "name": "Elbow_R",
            "time": [0.0, 0.0667],
            "transform": [
                [-1.0, 0.0, -0.0, -0.0, 0.0, -0.0, -1.0, 0.445904, -0.0, -1.0, 0.0, -0.0, 0.0, 0.0, 0.0, 1.0],
                [-1.0, 0.0, -0.0, -0.0, 0.0, -0.0, -1.0, 0.445904, -0.0, -1.0, 0.0, -0.0, 0.0, 0.0, 0.0, 1.0]
            ]
        },
        {
            "name": "Shoulder_L",
            "time": [0.0, 0.0667],
            "transform": [
                [0.401521, -0.691779, -0.600185, -0.0, -0.179328, -0.702031, 0.689198, 0.4, -0.898121, -0.169098, -0.405936, 0.0, 0.0, 0.0, 0.0, 1.0],
                [0.401521, -0.691779, -0.600185, -0.0, -0.179328, -0.702031, 0.689198, 0.4, -0.898121, -0.169098, -0.405936, 0.0, 0.0, 0.0, 0.0, 1.0]
            ]
        },
        {
            "name": "Arm_L",
            "time": [0.0, 0.0667],
            "transform": [
                [0.838027, 0.538969, 0.084987, 0.0, -0.523771, 0.838282, -0.151486, 0.39386, -0.15289, 0.082435, 0.984799, 0.0, 0.0, 0.0, 0.0, 1.0],
                [0.838027, 0.538969, 0.084987, 0.0, -0.523771, 0.838282, -0.151486, 0.39386, -0.15289, 0.082435, 0.984799, 0.0, 0.0, 0.0, 0.0, 1.0]
            ]
        },
        {
            "name": "Hand_L",
            "time": [0.0, 0.0667],
            "transform": [
                [1.020763, 0.0, 0.0, -0.0, -0.0, 0.993937, 0.109947, 0.3, -0.0, -0.109947, 0.993937, 0.0, 0.0, 0.0, 0.0, 1.0],
                [1.020763, 0.0, 0.0, -0.0, -0.0, 0.993937, 0.109947, 0.3, -0.0, -0.109947, 0.993937, 0.0, 0.0, 0.0, 0.0, 1.0]
            ]
        },
        {
            "name": "Tool_L",
            "time": [0.0, 0.0667],
            "transform": [
                [0.941064, 0.326756, 0.087341, -0.0, 0.336807, -0.92897, -0.153545, 0.272858, 0.030951, 0.173801, -0.983697, -0.0, 0.0, 0.0, 0.0, 1.0],
                [0.941064, 0.326756, 0.087341, -0.0, 0.336807, -0.92897, -0.153545, 0.272858, 0.030951, 0.173801, -0.983697, -0.0, 0.0, 0.0, 0.0, 1.0]
            ]
        },
        {
            "name": "Elbow_L",
            "time": [0.0, 0.0667],
            "transform": [
                [-1.0, 0.0, -0.0, -0.0, 0.0, -0.0, -1.0, 0.3, -0.0, -1.0, -0.0, 0.0, 0.0, 0.0, 0.0, 1.0],
                [-1.0, 0.0, -0.0, -0.0, 0.0, -0.0, -1.0, 0.3, -0.0, -1.0, -0.0, 0.0, 0.0, 0.0, 0.0, 1.0]
            ]
        }
    ]
}