{
    "animation": [
        {
            "name": "Root",
            "time": [0.0, 0.0667],
            "transform": [
                [0.854689, 0.0, -0.51914, -5e-06, -0.51914, 0.0, -0.854689, 0.000946, 0.0, 1.0, 0.0, 0.758314, 0.0, 0.0, 0.0, 1.0],
                [0.854689, 0.0, -0.51914, -5e-06, -0.51914, 0.0, -0.854689, 0.000946, 0.0, 1.0, 0.0, 0.758314, 0.0, 0.0, 0.0, 1.0]
            ]
        },
        {
            "name": "Thigh_R",
            "time": [0.0, 0.0667],
            "transform": [
                [0.905155, 0.122199, 0.407137, 0.124994, 0.059717, -0.984843, 0.162831, -0.002831, 0.420865, -0.123074, -0.898736, -1.2e-05, 0.0, 0.0, 0.0, 1.0],
                [0.905155, 0.122199, 0.407137, 0.124994, 0.059717, -0.984843, 0.162831, -0.002831, 0.420865, -0.123074, -0.898736, -1.2e-05, 0.0, 0.0, 0.0, 1.0]
            ]
        },
        {
            "name": "Leg_R",
            "time": [0.0, 0.0667],
            "transform": [
                [1.0, -0.0, 1e-06, -0.0, -0.0, 0.971417, 0.237383, 0.37472, -1e-06, -0.237383, 0.971415, 0.0, 0.0, 0.0, 0.0, 1.0],
                [1.0, -0.0, 1e-06, -0.0, -0.0, 0.971417, 0.237383, 0.37472, -1e-06, -0.237383, 0.971415, 0.0, 0.0, 0.0, 0.0, 1.0]
            ]
        },
        {
            "name": "Knee_R",
            "time": [0.0, 0.0667],
            "transform": [
                [1.0, -0.0, -0.0, -0.0, -0.0, 1e-06, -1.0, 0.37472, -0.0, 1.0, 1e-06, 0.0, 0.0, 0.0, 0.0, 1.0],
                [1.0, -0.0, -0.0, -0.0, -0.0, 1e-06, -1.0, 0.37472, -0.0, 1.0, 1e-06, 0.0, 0.0, 0.0, 0.0, 1.0]
            ]
        },
        {
            "name": "Thigh_L",
            "time": [0.0, 0.0667],
            "transform": [
                [0.867877, -0.119293, -0.482244, -0.125006, -0.027313, -0.98073, 0.193449, -0.002831, -0.496028, -0.154718, -0.854411, -1.2e-05, 0.0, 0.0, 0.0, 1.0],
                [0.867877, -0.119293, -0.482244, -0.125006, -0.027313, -0.98073, 0.193449, -0.002831, -0.496028, -0.154718, -0.854411, -1.2e-05, 0.0, 0.0, 0.0, 1.0]
            ]
        },
        {
            "name": "Leg_L",
            "time": [0.0, 0.0667],
            "transform": [
                [1.0, -0.0, 2e-06, 0.0, 0.0, 0.984581, 0.174928, 0.37472, -2e-06, -0.174928, 0.984582, -0.0, 0.0, 0.0, 0.0, 1.0],
                [1.0, -0.0, 2e-06, 0.0, 0.0, 0.984581, 0.174928, 0.37472, -2e-06, -0.174928, 0.984582, -0.0, 0.0, 0.0, 0.0, 1.0]
            ]
        },
        {
            "name": "Knee_L",
            "time": [0.0, 0.0667],
            "transform": [
                [1.0, 0.0, -0.0, 0.0, -0.0, 1e-06, -1.0, 0.37472, -0.0, 1.0, 1e-06, -0.0, 0.0, 0.0, 0.0, 1.0],
                [1.0, 0.0, -0.0, 0.0, -0.0, 1e-06, -1.0, 0.37472, -0.0, 1.0, 1e-06, -0.0, 0.0, 0.0, 0.0, 1.0]
            ]
        },
        {
            "name": "Torso",
            "time": [0.0, 0.0667],
            "transform": [
                [0.998681, 0.051243, -0.003139, -0.0, -0.0513, 0.993661, -0.100029, 0.05, -0.002007, 0.100058, 0.99498, 0.0, 0.0, 0.0, 0.0, 1.0],
                [0.998681, 0.051243, -0.003139, -0.0, -0.0513, 0.993661, -0.100029, 0.05, -0.002007, 0.100058, 0.99498, 0.0, 0.0, 0.0, 0.0, 1.0]
            ]
        },
        {
            "name": "Chest",
            "time": [0.0, 0.0667],
            "transform": [
                [0.896112, 0.219733, -0.385617, -0.0, -0.381515, 0.825315, -0.416295, 0.3, 0.226782, 0.520165, 0.823406, -0.0, 0.0, 0.0, 0.0, 1.0],
                [0.896112, 0.219733, -0.385617, -0.0, -0.381515, 0.825315, -0.416295, 0.3, 0.226782, 0.520165, 0.823406, -0.0, 0.0, 0.0, 0.0, 1.0]
            ]
        },
        {
            "name": "Head",
            "time": [0.0, 0.0667],
            "transform": [
                [0.652076, -0.454493, 0.606822, 0.0, -0.090209, 0.748197, 0.657316, 0.4, -0.752768, -0.483361, 0.446881, 0.0, 0.0, 0.0, 0.0, 1.0],
                [0.652076, -0.454493, 0.606822, 0.0, -0.090209, 0.748197, 0.657316, 0.4, -0.752768, -0.483361, 0.446881, 0.0, 0.0, 0.0, 0.0, 1.0]
            ]
        },
        {
            "name": "Shoulder_R",
            "time": [0.0, 0.0667],
            "transform": [
                [0.20864, 0.843223, 0.495423, 0.0, -0.054582, -0.495742, 0.866753, 0.4, 0.976468, -0.20788, -0.057407, 0.0, 0.0, 0.0, 0.0, 1.0],
                [0.20864, 0.843223, 0.495423, 0.0, -0.054582, -0.495742, 0.866753, 0.4, 0.976468, -0.20788, -0.057407, 0.0, 0.0, 0.0, 0.0, 1.0]
            ]
        },
        {
            "name": "Arm_R",
            "time": [0.0, 0.0667],
            "transform": [
                [0.719448, -0.299315, -0.626742, 0.0, 0.07222, 0.929724, -0.361107, 0.39386, 0.690782, 0.214535, 0.690504, 0.0, 0.0, 0.0, 0.0, 1.0],
                [0.719448, -0.299315, -0.626742, 0.0, 0.07222, 0.929724, -0.361107, 0.39386, 0.690782, 0.214535, 0.690504, 0.0, 0.0, 0.0, 0.0, 1.0]
            ]
        },
        {
            "name": "Hand_R",
            "time": [0.0, 0.0667],
            "transform": [
                [0.999775, -0.021048, 0.002584, -0.0, -0.0057, -0.384088, -0.92328, 0.3, 0.020426, 0.923057, -0.384121, -0.0, 0.0, 0.0, 0.0, 1.0],
                [0.999775, -0.021048, 0.002584, -0.0, -0.0057, -0.384088, -0.92328, 0.3, 0.020426, 0.923057, -0.384121, -0.0, 0.0, 0.0, 0.0, 1.0]
            ]
        },
        {
            "name": "Tool_R",
            "time": [0.0, 0.0667],
            "transform": [
                [1.0, 0.0, 0.0, 0.0, 0.0, -0.999836, 0.018122, 0.272858, 0.0, -0.018122, -0.999244, 0.0, 0.0, 0.0, 0.0, 1.0],
                [1.0, 0.0, 0.0, 0.0, 0.0, -0.999836, 0.018122, 0.272858, 0.0, -0.018122, -0.999244, 0.0, 0.0, 0.0, 0.0, 1.0]
            ]
        },
        {
            "name": "Elbow_R",
            "time": [0.0, 0.0667],
            "transform": [
                [-1.0, 0.0, -0.0, -0.0, 0.0, -0.0, -1.0, 0.445904, -0.0, -1.0, 0.0, -0.0, 0.0, 0.0, 0.0, 1.0],
                [-1.0, 0.0, -0.0, -0.0, 0.0, -0.0, -1.0, 0.445904, -0.0, -1.0, 0.0, -0.0, 0.0, 0.0, 0.0, 1.0]
            ]
        },
        {
            "name": "Shoulder_L",
            "time": [0.0, 0.0667],
            "transform": [
                [0.480145, -0.866259, 0.138042, 0.0, 0.143836, 0.232989, 0.961783, 0.4, -0.865316, -0.44194, 0.236468, 0.0, 0.0, 0.0, 0.0, 1.0],
                [0.480145, -0.866259, 0.138042, 0.0, 0.143836, 0.232989, 0.961783, 0.4, -0.865316, -0.44194, 0.236468, 0.0, 0.0, 0.0, 0.0, 1.0]
            ]
        },
        {
            "name": "Arm_L",
            "time": [0.0, 0.0667],
            "transform": [
                [0.838027, 0.538969, 0.084987, 0.0, -0.523771, 0.838282, -0.151486, 0.39386, -0.15289, 0.082435, 0.984799, -0.0, 0.0, 0.0, 0.0, 1.0],
                [0.838027, 0.538969, 0.084987, 0.0, -0.523771, 0.838282, -0.151486, 0.39386, -0.15289, 0.082435, 0.984799, -0.0, 0.0, 0.0, 0.0, 1.0]
            ]
        },
        {
            "name": "Hand_L",
            "time": [0.0, 0.0667],
            "transform": [
                [1.020763, 0.0, 0.0, 0.0, -0.0, 0.993937, 0.109947, 0.3, -0.0, -0.109947, 0.993937, -0.0, 0.0, 0.0, 0.0, 1.0],
                [1.020763, 0.0, 0.0, 0.0, -0.0, 0.993937, 0.109947, 0.3, -0.0, -0.109947, 0.993937, -0.0, 0.0, 0.0, 0.0, 1.0]
            ]
        },
        {
            "name": "Tool_L",
            "time": [0.0, 0.0667],
            "transform": [
                [0.941064, 0.326756, 0.087341, 0.0, 0.336807, -0.92897, -0.153545, 0.272858, 0.030951, 0.173801, -0.983697, -0.0, 0.0, 0.0, 0.0, 1.0],
                [0.941064, 0.326756, 0.087341, 0.0, 0.336807, -0.92897, -0.153545, 0.272858, 0.030951, 0.173801, -0.983697, -0.0, 0.0, 0.0, 0.0, 1.0]
            ]
        },
        {
            "name": "Elbow_L",
            "time": [0.0, 0.0667],
            "transform": [
                [-1.0, 0.0, -0.0, 0.0, 0.0, -0.0, -1.0, 0.3, -0.0, -1.0, -0.0, -0.0, 0.0, 0.0, 0.0, 1.0],
                [-1.0, 0.0, -0.0, 0.0, 0.0, -0.0, -1.0, 0.3, -0.0, -1.0, -0.0, -0.0, 0.0, 0.0, 0.0, 1.0]
            ]
        }
    ]
}