{
    "animation": [
        {
            "name": "Root",
            "time": [0.0, 2.6667],
            "transform": [
                [1.0, 0.0, 0.0, 0.000314, 0.0, 0.0, -1.0, -1.199364, 0.0, 1.0, 0.0, 1.447848, 0.0, 0.0, 0.0, 1.0],
                [1.0, 0.0, 0.0, 0.000314, 0.0, 0.0, -1.0, -1.199364, 0.0, 1.0, 0.0, 1.447848, 0.0, 0.0, 0.0, 1.0]
            ]
        },
        {
            "name": "Torso",
            "time": [0.0, 2.6667],
            "transform": [
                [1.0, 0.0, 0.0, 0.0, 0.0, 1.0, 0.0, 0.0, 0.0, 0.0, 1.0, -0.307468, 0.0, 0.0, 0.0, 1.0],
                [1.0, 0.0, 0.0, 0.0, 0.0, 1.0, 0.0, 0.0, 0.0, 0.0, 1.0, -0.307468, 0.0, 0.0, 0.0, 1.0]
            ]
        },
        {
            "name": "Leg_RF",
            "time": [0.0, 2.6667],
            "transform": [
                [0.0, 0.0, -1.0, 0.552169, 0.0, -1.0, 0.0, 0.732731, -1.0, 0.0, -0.0, -0.959395, 0.0, 0.0, 0.0, 1.0],
                [0.0, 0.0, -1.0, 0.552169, 0.0, -1.0, 0.0, 0.732731, -1.0, 0.0, -0.0, -0.959395, 0.0, 0.0, 0.0, 1.0]
            ]
        },
        {
            "name": "Foot_RF",
            "time": [0.0, 2.6667],
            "transform": [
                [0.0, -0.0, 1.0, 0.0, -0.0, 1.0, 0.0, 1.166196, -1.0, -0.0, 0.0, 0.0, 0.0, 0.0, 0.0, 1.0],
                [0.0, -0.0, 1.0, 0.0, -0.0, 1.0, 0.0, 1.166196, -1.0, -0.0, 0.0, 0.0, 0.0, 0.0, 0.0, 1.0]
            ]
        },
        {
            "name": "Leg_RF_F",
            "time": [0.0, 2.6667],
            "transform": [
                [0.0, 1.0, 0.0, 0.0, -0.0, 0.0, -1.0, 1.166196, -1.0, 0.0, 0.0, 0.0, 0.0, 0.0, 0.0, 1.0],
                [0.0, 1.0, 0.0, 0.0, -0.0, 0.0, -1.0, 1.166196, -1.0, 0.0, 0.0, 0.0, 0.0, 0.0, 0.0, 1.0]
            ]
        },
        {
            "name": "Leg_LF",
            "time": [0.0, 2.6667],
            "transform": [
                [0.0, 0.0, -1.0, -0.547831, 0.0, -1.0, 0.0, 0.732731, -1.0, 0.0, -0.0, -0.959395, 0.0, 0.0, 0.0, 1.0],
                [0.0, 0.0, -1.0, -0.547831, 0.0, -1.0, 0.0, 0.732731, -1.0, 0.0, -0.0, -0.959395, 0.0, 0.0, 0.0, 1.0]
            ]
        },
        {
            "name": "Foot_LF",
            "time": [0.0, 2.6667],
            "transform": [
                [0.0, -0.0, 1.0, -0.0, 0.0, 1.0, 0.0, 1.166196, -1.0, 0.0, 0.0, 0.0, 0.0, 0.0, 0.0, 1.0],
                [0.0, -0.0, 1.0, -0.0, 0.0, 1.0, 0.0, 1.166196, -1.0, 0.0, 0.0, 0.0, 0.0, 0.0, 0.0, 1.0]
            ]
        },
        {
            "name": "Leg_LF_F",
            "time": [0.0, 2.6667],
            "transform": [
                [0.0, 1.0, 0.0, -0.0, -0.0, 0.0, -1.0, 1.166196, -1.0, 0.0, 0.0, 0.0, 0.0, 0.0, 0.0, 1.0],
                [0.0, 1.0, 0.0, -0.0, -0.0, 0.0, -1.0, 1.166196, -1.0, 0.0, 0.0, 0.0, 0.0, 0.0, 0.0, 1.0]
            ]
        },
        {
            "name": "Head_Root",
            "time": [0.0, 1.3333, 2.6667],
            "transform": [
                [1.0, 0.0, 0.0, 0.0, 0.0, 1.0, 0.0, 0.0, 0.0, 0.0, 1.0, -0.788647, 0.0, 0.0, 0.0, 1.0],
                [1.0, 0.0, 0.0, 0.0, 0.0, 0.998483, -0.055064, 0.0, 0.0, 0.055064, 0.998483, -0.788647, 0.0, 0.0, 0.0, 1.0],
                [1.0, 0.0, 0.0, 0.0, 0.0, 1.0, 0.0, 0.0, 0.0, 0.0, 1.0, -0.788647, 0.0, 0.0, 0.0, 1.0]
            ]
        },
        {
            "name": "Head",
            "time": [0.0, 2.6667],
            "transform": [
                [1.0, 0.0, 0.0, 0.0, 0.0, 1.0, 0.0, 0.0, 0.0, 0.0, 1.0, -1.002567, 0.0, 0.0, 0.0, 1.0],
                [1.0, 0.0, 0.0, 0.0, 0.0, 1.0, 0.0, 0.0, 0.0, 0.0, 1.0, -1.002567, 0.0, 0.0, 0.0, 1.0]
            ]
        },
        {
            "name": "Ear_L",
            "time": [0.0, 2.6667],
            "transform": [
                [1.0, 0.0, 0.0, -0.579148, 0.0, 1.0, 0.0, 0.513815, -0.0, 0.0, 1.0, -0.273542, 0.0, 0.0, 0.0, 1.0],
                [1.0, 0.0, 0.0, -0.579148, 0.0, 1.0, 0.0, 0.513815, -0.0, 0.0, 1.0, -0.273542, 0.0, 0.0, 0.0, 1.0]
            ]
        },
        {
            "name": "Ear_R",
            "time": [0.0, 2.6667],
            "transform": [
                [1.0, 0.0, 0.0, 0.572446, 0.0, 1.0, 0.0, 0.513815, -0.0, 0.0, 1.0, -0.273542, 0.0, 0.0, 0.0, 1.0],
                [1.0, 0.0, 0.0, 0.572446, 0.0, 1.0, 0.0, 0.513815, -0.0, 0.0, 1.0, -0.273542, 0.0, 0.0, 0.0, 1.0]
            ]
        },
        {
            "name": "Chin",
            "time": [0.0, 2.6667],
            "transform": [
                [1.0, 0.0, 0.0, 0.018988, 0.0, 1.0, 0.0, -0.311069, 0.0, 0.0, 1.0, 0.462038, 0.0, 0.0, 0.0, 1.0],
                [1.0, 0.0, 0.0, 0.018988, 0.0, 1.0, 0.0, -0.311069, 0.0, 0.0, 1.0, 0.462038, 0.0, 0.0, 0.0, 1.0]
            ]
        },
        {
            "name": "Leg_LB",
            "time": [0.0, 2.6667],
            "transform": [
                [0.0, 0.0, -1.0, -0.547831, 0.0, -1.0, 0.0, 0.732731, -1.0, 0.0, -0.0, 0.400455, 0.0, 0.0, 0.0, 1.0],
                [0.0, 0.0, -1.0, -0.547831, 0.0, -1.0, 0.0, 0.732731, -1.0, 0.0, -0.0, 0.400455, 0.0, 0.0, 0.0, 1.0]
            ]
        },
        {
            "name": "Foot_LB",
            "time": [0.0, 2.6667],
            "transform": [
                [0.0, 0.0, 1.0, -0.0, 0.0, 1.0, 0.0, 1.166196, -1.0, 0.0, 0.0, -0.0, 0.0, 0.0, 0.0, 1.0],
                [0.0, 0.0, 1.0, -0.0, 0.0, 1.0, 0.0, 1.166196, -1.0, 0.0, 0.0, -0.0, 0.0, 0.0, 0.0, 1.0]
            ]
        },
        {
            "name": "Leg_LB_F",
            "time": [0.0, 2.6667],
            "transform": [
                [0.0, 1.0, -0.0, -0.0, -0.0, 0.0, -1.0, 1.166196, -1.0, 0.0, 0.0, -0.0, 0.0, 0.0, 0.0, 1.0],
                [0.0, 1.0, -0.0, -0.0, -0.0, 0.0, -1.0, 1.166196, -1.0, 0.0, 0.0, -0.0, 0.0, 0.0, 0.0, 1.0]
            ]
        },
        {
            "name": "Leg_RB",
            "time": [0.0, 2.6667],
            "transform": [
                [0.0, 0.0, -1.0, 0.552169, 0.0, -1.0, 0.0, 0.732731, -1.0, 0.0, -0.0, 0.400455, 0.0, 0.0, 0.0, 1.0],
                [0.0, 0.0, -1.0, 0.552169, 0.0, -1.0, 0.0, 0.732731, -1.0, 0.0, -0.0, 0.400455, 0.0, 0.0, 0.0, 1.0]
            ]
        },
        {
            "name": "Foot_RB",
            "time": [0.0, 2.6667],
            "transform": [
                [0.0, 0.0, 1.0, 0.0, -0.0, 1.0, 0.0, 1.166196, -1.0, -0.0, 0.0, -0.0, 0.0, 0.0, 0.0, 1.0],
                [0.0, 0.0, 1.0, 0.0, -0.0, 1.0, 0.0, 1.166196, -1.0, -0.0, 0.0, -0.0, 0.0, 0.0, 0.0, 1.0]
            ]
        },
        {
            "name": "Leg_RB_F",
            "time": [0.0, 2.6667],
            "transform": [
                [0.0, 1.0, -0.0, 0.0, -0.0, 0.0, -1.0, 1.166196, -1.0, 0.0, 0.0, -0.0, 0.0, 0.0, 0.0, 1.0],
                [0.0, 1.0, -0.0, 0.0, -0.0, 0.0, -1.0, 1.166196, -1.0, 0.0, 0.0, -0.0, 0.0, 0.0, 0.0, 1.0]
            ]
        }
    ]
}