{
    "animation": [
        {
            "name": "Root",
            "time": [0.0, 0.5],
            "transform": [
                [0.877805, 0.088292, -0.470811, -5e-06, -0.479018, 0.161796, -0.862765, 0.000946, 0.0, 0.982867, 0.184318, 0.616831, 0.0, 0.0, 0.0, 1.0],
                [0.877805, 0.088292, -0.470811, -5e-06, -0.467903, 0.36854, -0.803271, 0.058376, 0.102591, 0.925409, 0.364819, 0.504817, 0.0, 0.0, 0.0, 1.0]
            ]
        },
        {
            "name": "Thigh_R",
            "time": [0.0, 0.5],
            "transform": [
                [0.902559, 0.430445, -0.010087, 0.124994, 0.384099, -0.794346, 0.470615, -0.002831, 0.194561, -0.42863, -0.882281, -1.2e-05, 0.0, 0.0, 0.0, 1.0],
                [0.92216, 0.341173, -0.182264, 0.124994, 0.379169, -0.704121, 0.600368, -0.002831, 0.076493, -0.622743, -0.778678, -1.2e-05, 0.0, 0.0, 0.0, 1.0]
            ]
        },
        {
            "name": "Leg_R",
            "time": [0.0, 0.5],
            "transform": [
                [1.0, -0.0, 0.0, -0.0, -0.0, 0.587609, 0.809147, 0.37472, -1e-06, -0.809147, 0.587605, -0.0, 0.0, 0.0, 0.0, 1.0],
                [1.0, -0.0, 0.0, 0.0, -0.0, 0.307122, 0.95167, 0.37472, -1e-06, -0.951672, 0.307118, 0.0, 0.0, 0.0, 0.0, 1.0]
            ]
        },
        {
            "name": "Knee_R",
            "time": [0.0, 0.5],
            "transform": [
                [1.0, 0.0, -0.0, 0.0, -0.0, 1e-06, -1.0, 0.423322, -0.0, 1.0, 1e-06, 0.0, 0.0, 0.0, 0.0, 1.0],
                [1.0, 0.0, -0.0, 0.0, -0.0, 1e-06, -1.0, 0.45169, -0.0, 1.0, 1e-06, -0.0, 0.0, 0.0, 0.0, 1.0]
            ]
        },
        {
            "name": "Thigh_L",
            "time": [0.0, 0.5],
            "transform": [
                [0.862331, -0.408053, -0.299792, -0.125006, 0.081015, -0.473258, 0.87719, -0.002831, -0.49982, -0.780717, -0.375048, -1.2e-05, 0.0, 0.0, 0.0, 1.0],
                [0.862258, -0.501998, -0.067135, -0.125006, 0.079039, 0.002443, 0.996867, -0.002831, -0.500262, -0.864865, 0.041782, -1.2e-05, 0.0, 0.0, 0.0, 1.0]
            ]
        },
        {
            "name": "Leg_L",
            "time": [0.0, 0.5],
            "transform": [
                [1.0, -0.0, 0.0, -0.0, -0.0, 0.484272, 0.874917, 0.37472, -1e-06, -0.874918, 0.484271, -0.0, 0.0, 0.0, 0.0, 1.0],
                [1.0, -0.0, 0.0, -0.0, -0.0, -0.076077, 0.997102, 0.37472, -1e-06, -0.997102, -0.076078, -0.0, 0.0, 0.0, 0.0, 1.0]
            ]
        },
        {
            "name": "Knee_L",
            "time": [0.0, 0.5],
            "transform": [
                [1.0, 0.0, -0.0, 0.0, -0.0, 1e-06, -1.0, 0.434328, -0.0, 1.0, 1e-06, -0.0, 0.0, 0.0, 0.0, 1.0],
                [1.0, 0.0, -0.0, 0.0, -0.0, 1e-06, -1.0, 0.47972, -0.0, 1.0, 1e-06, -0.0, 0.0, 0.0, 0.0, 1.0]
            ]
        },
        {
            "name": "Torso",
            "time": [0.0, 0.5],
            "transform": [
                [1.0, 0.0, 0.0, 0.0, 0.0, 1.0, 0.0, 0.05, 0.0, 0.0, 1.0, 0.0, 0.0, 0.0, 0.0, 1.0],
                [1.0, 0.0, 0.0, 0.0, -0.0, 1.0, -0.0, 0.05, 0.0, 0.0, 1.0, 0.0, 0.0, 0.0, 0.0, 1.0]
            ]
        },
        {
            "name": "Chest",
            "time": [0.0, 0.5],
            "transform": [
                [0.996733, -0.078061, -0.02073, -0.0, 0.080268, 0.985873, 0.147006, 0.3, 0.008962, -0.14819, 0.988918, 0.0, 0.0, 0.0, 0.0, 1.0],
                [0.974034, -0.20878, -0.087564, 0.0, 0.226321, 0.887722, 0.400909, 0.3, -0.005969, -0.410317, 0.911923, -0.0, 0.0, 0.0, 0.0, 1.0]
            ]
        },
        {
            "name": "Head",
            "time": [0.0, 0.5],
            "transform": [
                [0.877676, 0.081446, 0.472283, -0.0, 0.08753, 0.941637, -0.325051, 0.4, -0.471193, 0.326629, 0.819323, -0.0, 0.0, 0.0, 0.0, 1.0],
                [0.874607, 0.313535, 0.369809, -0.0, 0.084728, 0.652175, -0.753318, 0.4, -0.477371, 0.690191, 0.543832, -0.0, 0.0, 0.0, 0.0, 1.0]
            ]
        },
        {
            "name": "Shoulder_R",
            "time": [0.0, 0.5],
            "transform": [
                [0.0, 0.952114, 0.305743, -0.0, 0.0, -0.305743, 0.952114, 0.4, 1.0, 0.0, -0.0, -0.0, 0.0, 0.0, 0.0, 1.0],
                [0.0, 0.952114, 0.305743, -0.0, 0.0, -0.305743, 0.952114, 0.4, 1.0, 0.0, -0.0, -0.0, 0.0, 0.0, 0.0, 1.0]
            ]
        },
        {
            "name": "Arm_R",
            "time": [0.0, 0.5],
            "transform": [
                [-0.334097, 0.384732, -0.860442, -0.0, 0.395326, 0.885918, 0.242623, 0.39386, 0.855626, -0.259095, -0.448077, 0.0, 0.0, 0.0, 0.0, 1.0],
                [0.063601, 0.007777, -0.997945, 0.0, 0.502873, 0.86349, 0.038778, 0.39386, 0.862017, -0.504306, 0.051007, 0.0, 0.0, 0.0, 0.0, 1.0]
            ]
        },
        {
            "name": "Hand_R",
            "time": [0.0, 0.5],
            "transform": [
                [1.0, -0.0, 0.0, -0.0, -0.0, 0.946691, -0.322143, 0.3, -0.0, 0.322143, 0.946691, -0.0, 0.0, 0.0, 0.0, 1.0],
                [1.0, 0.0, 0.0, 0.0, 0.0, 0.293407, -0.955988, 0.3, -0.0, 0.955988, 0.293407, 0.0, 0.0, 0.0, 0.0, 1.0]
            ]
        },
        {
            "name": "Tool_R",
            "time": [0.0, 0.5],
            "transform": [
                [0.999987, -0.004127, 0.002938, -0.0, -0.003104, -0.957488, -0.288458, 0.272858, 0.004001, 0.288264, -0.956925, -0.0, 0.0, 0.0, 0.0, 1.0],
                [0.999987, -0.004127, 0.002938, -0.0, -0.003104, -0.957488, -0.288458, 0.272858, 0.004001, 0.288264, -0.956925, 0.0, 0.0, 0.0, 0.0, 1.0]
            ]
        },
        {
            "name": "Elbow_R",
            "time": [0.0, 0.5],
            "transform": [
                [-1.0, 0.0, 0.0, 0.0, 0.0, 0.0, -1.0, 0.341061, -0.0, -1.0, 0.0, -0.0, 0.0, 0.0, 0.0, 1.0],
                [-1.0, 0.0, -0.0, 0.0, -0.0, 0.0, -1.0, 0.429618, -0.0, -1.0, -0.0, 0.0, 0.0, 0.0, 0.0, 1.0]
            ]
        },
        {
            "name": "Shoulder_L",
            "time": [0.0, 0.5],
            "transform": [
                [-0.408742, -0.818773, -0.403164, -0.0, 0.004646, -0.443612, 0.896207, 0.4, -0.912638, 0.364444, 0.185127, -0.0, 0.0, 0.0, 0.0, 1.0],
                [-0.0, -0.952114, -0.305743, -0.0, 0.0, -0.305743, 0.952114, 0.4, -1.0, 0.0, 0.0, -0.0, 0.0, 0.0, 0.0, 1.0]
            ]
        },
        {
            "name": "Arm_L",
            "time": [0.0, 0.5],
            "transform": [
                [-0.000857, 0.180509, 0.983573, -0.0, -0.819884, 0.562998, -0.104038, 0.39386, -0.572529, -0.806504, 0.147514, 0.0, 0.0, 0.0, 0.0, 1.0],
                [0.226164, 0.158861, 0.961048, 0.0, -0.252613, 0.962423, -0.099641, 0.39386, -0.940764, -0.220238, 0.257796, -0.0, 0.0, 0.0, 0.0, 1.0]
            ]
        },
        {
            "name": "Hand_L",
            "time": [0.0, 0.5],
            "transform": [
                [1.0, 0.0, -0.0, -0.0, -0.0, 0.473641, -0.880718, 0.3, -0.0, 0.880718, 0.473642, -0.0, 0.0, 0.0, 0.0, 1.0],
                [1.0, 0.0, 0.0, 0.0, 0.0, 0.473641, -0.880718, 0.3, 0.0, 0.880718, 0.473641, -0.0, 0.0, 0.0, 0.0, 1.0]
            ]
        },
        {
            "name": "Tool_L",
            "time": [0.0, 0.5],
            "transform": [
                [1.0, 0.0, 0.0, -0.0, 0.0, -0.999836, 0.018122, 0.272858, 0.0, -0.018122, -0.999248, -0.0, 0.0, 0.0, 0.0, 1.0],
                [1.0, 0.0, 0.0, 0.0, -0.0, -0.999836, 0.018122, 0.272858, 0.0, -0.018122, -0.999248, 0.0, 0.0, 0.0, 0.0, 1.0]
            ]
        },
        {
            "name": "Elbow_L",
            "time": [0.0, 0.5],
            "transform": [
                [-1.0, 0.0, -0.0, -0.0, 0.0, -0.0, -1.0, 0.411286, -0.0, -1.0, -0.0, 0.0, 0.0, 0.0, 0.0, 1.0],
                [-1.0, 0.0, -0.0, 0.0, 0.0, -0.0, -1.0, 0.411286, -0.0, -1.0, 0.0, -0.0, 0.0, 0.0, 0.0, 1.0]
            ]
        }
    ]
}